product_id,category,brand
201,Electronics,Sony
202,Clothing,Zara
203,Grocery,Nestle
204,Electronics,Samsung
205,Clothing,H&M
206,Grocery,Amul
207,Electronics,LG
208,Clothing,Uniqlo
209,Grocery,Tata
210,Electronics,Apple
